{
  "araria": {
    "scale": 31870.905627321834,
    "center": [
      87.3605660000001,
      26.265853191999586
    ]
  },
  "aurangabad": {
    "scale": 31367.220381436586,
    "center": [
      84.37477551882925,
      24.80591915752573
    ]
  },
  "banka": {
    "scale": 33079.51041783107,
    "center": [
      86.82743150000013,
      24.832081723084492
    ]
  },
  "begusarai": {
    "scale": 29365.020257505006,
    "center": [
      86.11859550000001,
      25.513624018187016
    ]
  },
  "kaimur (bhabua)": {
    "scale": 23987.42859052303,
    "center": [
      83.59178960834261,
      24.979225428175138
    ]
  },
  "bhagalpur": {
    "scale": 25016.886249570252,
    "center": [
      87.08888201317791,
      25.286380613495833
    ]
  },
  "bhojpur": {
    "scale": 34721.99036932375,
    "center": [
      84.5564799999999,
      25.460752647720586
    ]
  },
  "buxar": {
    "scale": 36798.84893038688,
    "center": [
      84.07712615365458,
      25.506304106224782
    ]
  },
  "gaya": {
    "scale": 20736.0621637598,
    "center": [
      84.8378826735002,
      24.681009677747106
    ]
  },
  "gopalganj": {
    "scale": 22894.9132039384,
    "center": [
      84.40135200000014,
      26.42439839648736
    ]
  },
  "jamui": {
    "scale": 26826.6164968548,
    "center": [
      86.21588450000007,
      24.75694050571448
    ]
  },
  "jehanabad": {
    "scale": 58788.616624164766,
    "center": [
      85.01709966045097,
      25.154923015944338
    ]
  },
  "katihar": {
    "scale": 26219.98472131269,
    "center": [
      87.63581500000006,
      25.54085570805092
    ]
  },
  "khagaria": {
    "scale": 39529.32458042371,
    "center": [
      86.56361000000005,
      25.491775214019768
    ]
  },
  "kishanganj": {
    "scale": 32840.77311827028,
    "center": [
      87.94532350000021,
      26.24473090152387
    ]
  },
  "madhepura": {
    "scale": 30158.25037279995,
    "center": [
      86.85992560238948,
      25.77879186530456
    ]
  },
  "muzaffarpur": {
    "scale": 26097.51053911009,
    "center": [
      85.30724000000006,
      26.148845084348604
    ]
  },
  "nalanda": {
    "scale": 30866.62217032743,
    "center": [
      85.52889348666643,
      25.214267167452526
    ]
  },
  "nawada": {
    "scale": 29098.701387785386,
    "center": [
      85.6567810000001,
      24.81920456599504
    ]
  },
  "pashchim champaran": {
    "scale": 21730.842664986652,
    "center": [
      84.28921900000009,
      27.05586394599136
    ]
  },
  "patna": {
    "scale": 16543.535565515987,
    "center": [
      85.37103468284043,
      25.465718225033005
    ]
  },
  "purba champaran": {
    "scale": 26730.051525961542,
    "center": [
      84.88374700000006,
      26.640627779879903
    ]
  },
  "purnia": {
    "scale": 26142.9952043179,
    "center": [
      87.42192594695766,
      25.779910268184242
    ]
  },
  "rohtas": {
    "scale": 23760.552095356,
    "center": [
      83.97547850000015,
      24.941049109256635
    ]
  },
  "saharsa": {
    "scale": 40503.93589176572,
    "center": [
      86.58663262669795,
      25.839767564849453
    ]
  },
  "samastipur": {
    "scale": 26666.62689591521,
    "center": [
      85.95494998723238,
      25.77809563272321
    ]
  },
  "saran": {
    "scale": 27499.84295243428,
    "center": [
      84.81723353608892,
      25.90774080956466
    ]
  },
  "sheikhpura": {
    "scale": 55501.27544913647,
    "center": [
      85.8057925327033,
      25.12763741918994
    ]
  },
  "sheohar": {
    "scale": 62632.5619904489,
    "center": [
      85.28359290519599,
      26.490575670772813
    ]
  },
  "sitamarhi": {
    "scale": 33955.217392841805,
    "center": [
      85.52505712182649,
      26.5741236472074
    ]
  },
  "supaul": {
    "scale": 32044.2314033224,
    "center": [
      86.7471913300397,
      26.278428791914415
    ]
  },
  "vaishali": {
    "scale": 39781.58280304104,
    "center": [
      85.34686664245805,
      25.75695624841857
    ]
  },
  "arwal": {
    "scale": 54786.735734372895,
    "center": [
      84.64932131108169,
      25.185197295410912
    ]
  },
  "darbhanga": {
    "scale": 28118.973353100548,
    "center": [
      86.03738750000001,
      26.083846911549387
    ]
  },
  "madhubani": {
    "scale": 23679.135168473906,
    "center": [
      86.22828273076978,
      26.356749594032717
    ]
  },
  "munger": {
    "scale": 37697.810127848374,
    "center": [
      86.49503771587544,
      25.220628335443813
    ]
  },
  "siwan": {
    "scale": 29532.314999214617,
    "center": [
      84.39009611080536,
      26.132210141928095
    ]
  },
  "lakhisarai": {
    "scale": 46722.544000906615,
    "center": [
      86.13983667383957,
      25.15469738681556
    ]
  }
}